{"stats":{"minecraft:picked_up":{"tac:round45":1,"minecraft:rotten_flesh":2,"minecraft:stone_brick_slab":1,"minecraft:sand":1,"minecraft:oak_log":2,"minecraft:dirt":4,"minecraft:string":2,"minecraft:cobblestone":10},"minecraft:crafted":{"minecraft:air":14},"minecraft:custom":{"minecraft:time_since_rest":10265,"minecraft:sprint_one_cm":33189,"minecraft:play_time":10265,"minecraft:damage_taken":213,"minecraft:walk_one_cm":32677,"minecraft:sneak_time":1,"minecraft:walk_under_water_one_cm":1432,"minecraft:mob_kills":1,"minecraft:jump":121,"minecraft:damage_dealt":241,"minecraft:leave_game":3,"minecraft:time_since_death":10265,"minecraft:walk_on_water_one_cm":3326,"minecraft:total_world_time":10265,"minecraft:fall_one_cm":2425,"minecraft:swim_one_cm":633,"minecraft:interact_with_crafting_table":21,"minecraft:fly_one_cm":21949},"minecraft:killed":{"minecraft:zombie":1},"minecraft:used":{"minecraft:wooden_sword":4,"minecraft:dirt":1,"minecraft:potion":2,"minecraft:crafting_table":1,"minecraft:bread":1,"minecraft:wooden_pickaxe":15},"minecraft:mined":{"minecraft:grass_block":2,"minecraft:oak_log":2,"minecraft:dirt":2,"minecraft:sand":1,"minecraft:stone":10,"minecraft:stone_brick_slab":1,"minecraft:oak_leaves":1}},"DataVersion":2975}